Albania,Europe
Argentina,South America
Australia,Oceania
Austria,Europe
Belarus,Europe
Belgium,Europe
Bulgaria,Europe
Brasil,South America
Canada,North America
China,Asia
Colombia,South America
Croatia,Europe
Czech Republic,Europe
Denmark,Europe
Estonia,Europe
Finland,Europe
France,Europe
Germany,Europe
Ghana,Africa
Greece,Europe
Hong Kong,Asia
Hungary,Europe
Iceland,Europe
India,Asia
Ireland,Europe
Isle of Man,Europe
Israel,Asia
Italy,Europe
Japan,Asia
Kenya,Africa
Korea,Asia
Latvia,Europe
Lithuania,Europe
Malaysia,Asia
Mauritius,Africa
Morocoo,Africa
New Zealand,Oceania
Norway,Europe
Poland,Europe
Portugal,Europe
Philippines,Asia
Romania,Europe
Russia,Europe
Singapore,Asia
Serbia,Europe
Senegal,Africa
Slovakia,Europe
Slovenia,Europe
South Africa,Africa
Spain,Europe
Sri Lanka,Asia
Sweden,Europe
Switzerland,Europe
Taiwan,Asia
Tanzania,Africa
The Netherlands,Europe
Ukraine,Europe
Uruguay,South America
UK,Europe
USA,North America
United Arab Emirates,Asia
Zimbabwe,Africa
Online,Online
